case,phase,method,metric,mean,mcse,n,availability
F,development,cin,ap,0.621319107047485,0.009371726392029104,98,available
F,development,cin,prevalence,0.3571428571428571,5.636303452481001e-18,98,available
F,development,cin,ap_minus_prevalence,0.2641762499046278,0.009371726392029104,98,available
F,development,cin,strong_edge_recall,0.7391843971631206,0.028098552930886207,94,available
F,development,cin,categorical_excess_loss,-0.0016691437860380186,0.0008487056759131616,98,available
F,development,cin,n_failed_pairs,0.0,0.0,98,available
F,development,cin,elapsed_seconds,0.6704749785689161,0.02692385569579285,98,available
F,development,cin,orientation_gap_q95,0.01809973002208047,0.0010332702147005733,98,available
F,development,cin,generator_attempts,138.98,12.384912456923406,100,available
F,development,cin,point_fit_seconds,0.5995816326502957,0.026823977279535307,98,available
F,development,cin,n_pairs_complete,28.0,0.0,98,available
F,development,cin,n_pairs_total,27.44,0.393974823581611,100,available
F,development,cin,n_true_edges,10.0,0.0,98,available
F,development,cin,n_strong_edges,2.63265306122449,0.1300502056366026,98,available
F,development,cin,n_nonempty_delta_views,3.306122448979592,0.0716611284387829,98,available
F,development,cin,n_nonempty_agreement_views,3.306122448979592,0.0716611284387829,98,available
F,development,cin,delta_0_strong_recall,0.7391843971631206,0.028098552930886207,94,available
F,development,cin,delta_005_strong_recall,0.39397163120567374,0.03361700679680785,94,available
F,development,cin,delta_01_strong_recall,0.23652482269503544,0.02855795623672253,94,available
F,development,cin,delta_02_strong_recall,0.10124113475177306,0.020197616944796815,94,available
F,development,cin,oracle_cmi_mae,0.00930326311568047,0.0002749103676848381,98,available
F,development,cin,oracle_cmi_bias,-0.005901953418547626,0.00032107599171047084,98,available
F,development,cin,oracle_cmi_mae_true,0.00930326311568047,0.0002749103676848381,98,available
F,development,cin,oracle_cmi_bias_true,-0.005901953418547626,0.00032107599171047084,98,available
F,development,cin,oracle_cmi_mae_all,0.005589470687150016,0.0001895819233279922,98,available
F,development,cin,oracle_cmi_bias_all,-0.003057344285891766,0.00016072476976231474,98,available
F,development,cin,n_categorical_targets,8.0,0.0,98,available
F,development,cin,positive_weight_q50,0.002930641611314894,0.000219717489076117,98,available
F,development,cin,positive_weight_q90,0.011504604498643649,0.000619506325389641,98,available
F,development,cin,positive_weight_q95,0.016471482898205107,0.0008946059264794306,98,available
F,development,cin,positive_weight_q99,0.02157648011085434,0.0014313350973560793,98,available
F,development,cin,positive_weight_max,0.022852729414016646,0.0015804064267432275,98,available
F,development,cin,tie_fraction,0.0,0.0,98,available
F,development,cin,orientation_gap_q50,0.002239350941720392,0.0001505970384824417,98,available
F,development,cin,orientation_gap_q90,0.01311452970630347,0.0007515153837990274,98,available
F,development,cin,orientation_gap_q99,0.025857137548129,0.0015354618998403478,98,available
F,development,cin,orientation_gap_max,0.028203324337490905,0.0017737343060584198,98,available
F,development,cin,variance_floor_hits,0.0,0.0,98,available
F,development,cin,variance_floor_observations,8.0,0.0,98,available
F,development,cin,variance_floor_hit_rate,0.0,0.0,98,available
F,development,cin,probability_clipped_fraction,0.003920068027210884,0.0004277335232874545,98,available
F,development,cin,zero_sum_fallbacks,0.0,0.0,98,available
F,development,cin,minimum_probability,0.005906688368240464,0.0013966299373326392,98,available
F,development,cin,delta_0_displayed_count,12.214285714285714,0.2699050335205216,98,available
F,development,cin,delta_0_displayed_fraction,0.4362244897959184,0.009639465482875769,98,available
F,development,cin,delta_0_precision,0.49692178736296383,0.008674060116048592,98,available
F,development,cin,delta_0_recall,0.6010204081632653,0.014827353303049604,98,available
F,development,cin,delta_005_displayed_count,3.683673469387755,0.20337823237003216,98,available
F,development,cin,delta_005_displayed_fraction,0.13155976676384837,0.007263508298929721,98,available
F,development,cin,delta_005_precision,0.7622772918691286,0.022460196604079007,98,available
F,development,cin,delta_005_recall,0.2653061224489796,0.013844591495919404,98,available
F,development,cin,delta_01_displayed_count,1.9183673469387754,0.14910735826728955,98,available
F,development,cin,delta_01_displayed_fraction,0.06851311953352768,0.005325262795260341,98,available
F,development,cin,delta_01_precision,0.8212301587301587,0.029850500821889118,84,available
F,development,cin,delta_01_recall,0.15,0.011165039662578329,98,available
F,development,cin,delta_02_displayed_count,0.6122448979591837,0.08285949549910744,98,available
F,development,cin,delta_02_displayed_fraction,0.021865889212827984,0.002959267696396695,98,available
F,development,cin,delta_02_precision,0.8825757575757575,0.040759881101443955,44,available
F,development,cin,delta_02_recall,0.05102040816326531,0.006841184480030024,98,available
F,development,cin,agreement_delta_0_displayed_count,9.928571428571429,0.25425063053303615,98,available
F,development,cin,agreement_delta_0_displayed_fraction,0.35459183673469385,0.009080379661894147,98,available
F,development,cin,agreement_delta_0_precision,0.5267805757001436,0.01007299495085369,98,available
F,development,cin,agreement_delta_0_recall,0.5183673469387755,0.01502833698834303,98,available
F,development,cin,agreement_delta_005_displayed_count,3.4693877551020407,0.1908952639963955,98,available
F,development,cin,agreement_delta_005_displayed_fraction,0.12390670553935859,0.0068176879998712685,98,available
F,development,cin,agreement_delta_005_precision,0.773845966958212,0.022705514443447837,98,available
F,development,cin,agreement_delta_005_recall,0.2540816326530612,0.013228030295454107,98,available
F,development,cin,agreement_delta_01_displayed_count,1.8775510204081634,0.14378586636958374,98,available
F,development,cin,agreement_delta_01_displayed_fraction,0.06705539358600582,0.005135209513199419,98,available
F,development,cin,agreement_delta_01_precision,0.8196428571428571,0.029922235000711825,84,available
F,development,cin,agreement_delta_01_recall,0.1469387755102041,0.010874267716242465,98,available
F,development,cin,agreement_delta_02_displayed_count,0.6122448979591837,0.08285949549910744,98,available
F,development,cin,agreement_delta_02_displayed_fraction,0.021865889212827984,0.002959267696396695,98,available
F,development,cin,agreement_delta_02_precision,0.8825757575757575,0.040759881101443955,44,available
F,development,cin,agreement_delta_02_recall,0.05102040816326531,0.006841184480030024,98,available
all,validation,cin,stability_precision_at_0.1,,,0,unavailable
all,validation,cin,stability_recall_at_0.1,,,0,unavailable
all,validation,cin,stability_selected_count_at_0.1,,,0,unavailable
all,validation,cin,stability_precision_at_0.2,,,0,unavailable
all,validation,cin,stability_recall_at_0.2,,,0,unavailable
all,validation,cin,stability_selected_count_at_0.2,,,0,unavailable
all,validation,cin,stability_precision_at_0.3,,,0,unavailable
all,validation,cin,stability_recall_at_0.3,,,0,unavailable
all,validation,cin,stability_selected_count_at_0.3,,,0,unavailable
all,validation,cin,stability_precision_at_0.4,,,0,unavailable
all,validation,cin,stability_recall_at_0.4,,,0,unavailable
all,validation,cin,stability_selected_count_at_0.4,,,0,unavailable
all,validation,cin,stability_precision_at_0.5,,,0,unavailable
all,validation,cin,stability_recall_at_0.5,,,0,unavailable
all,validation,cin,stability_selected_count_at_0.5,,,0,unavailable
all,validation,cin,stability_precision_at_0.6,,,0,unavailable
all,validation,cin,stability_recall_at_0.6,,,0,unavailable
all,validation,cin,stability_selected_count_at_0.6,,,0,unavailable
all,validation,cin,stability_precision_at_0.7,,,0,unavailable
all,validation,cin,stability_recall_at_0.7,,,0,unavailable
all,validation,cin,stability_selected_count_at_0.7,,,0,unavailable
all,validation,cin,stability_precision_at_0.8,,,0,unavailable
all,validation,cin,stability_recall_at_0.8,,,0,unavailable
all,validation,cin,stability_selected_count_at_0.8,,,0,unavailable
all,validation,cin,stability_precision_at_0.9,,,0,unavailable
all,validation,cin,stability_recall_at_0.9,,,0,unavailable
all,validation,cin,stability_selected_count_at_0.9,,,0,unavailable
all,validation,cin,stability_precision_at_1.0,,,0,unavailable
all,validation,cin,stability_recall_at_1.0,,,0,unavailable
all,validation,cin,stability_selected_count_at_1.0,,,0,unavailable
