replicate,structure_seed,sample_seed,attempts_observed,first_accepting_attempt,accepted_by_500,accepted_by_1000,accepted_by_2500,last_observed_min_true_edge_cmi
4000,890598856,1579961203,37,37,True,True,True,0.00504566416166635
4001,3549674292,1647265093,21,21,True,True,True,0.00577125773309585
4002,2901659741,2907220048,6,6,True,True,True,0.00512473067990341
4003,2997300857,809501576,65,65,True,True,True,0.005151155548057436
4004,1287288412,307189515,16,16,True,True,True,0.005919978682440215
4005,1740716814,2310977971,115,115,True,True,True,0.005103937737983882
4006,1354941998,2538751208,206,206,True,True,True,0.0054974252784800465
4007,3933695659,155671141,317,317,True,True,True,0.005058090865175736
4008,1996595749,2714349939,75,75,True,True,True,0.005299448108168647
4009,1398350330,1711301289,285,285,True,True,True,0.005638006801288353
4010,3307757375,3092870012,279,279,True,True,True,0.00618882809598055
4011,2072434659,4064751796,266,266,True,True,True,0.00587049083145842
4012,1530233659,1090455623,544,544,False,True,True,0.005963815290642661
4013,2055177559,925677125,149,149,True,True,True,0.005096707479397163
4014,699538255,1840266527,13,13,True,True,True,0.005230852804069553
4015,2470060138,1962049864,25,25,True,True,True,0.005771755838202032
4016,1616404506,3982925102,41,41,True,True,True,0.00503677211595559
4017,2367601421,2023380804,291,291,True,True,True,0.005421586418099176
4018,405257011,4119864362,301,301,True,True,True,0.005948610119120689
4019,3476264270,3441547394,19,19,True,True,True,0.005211204992995787
4020,1062046738,1242923365,48,48,True,True,True,0.005666071575001468
4021,1225765090,3258602997,202,202,True,True,True,0.005596558849499361
4022,499509168,3488205454,70,70,True,True,True,0.0053151294762352145
4023,837012021,3619905883,87,87,True,True,True,0.00546543585393212
4024,2413585622,2118980009,232,232,True,True,True,0.0052867831686109245
4025,1455969598,572794572,51,51,True,True,True,0.005037973297199027
4026,2967577788,1230781751,67,67,True,True,True,0.005327874528583847
4027,4107825989,3724149550,166,166,True,True,True,0.0054529159041546505
4028,854535836,3852700174,42,42,True,True,True,0.005386292291133544
4029,2577079958,977225676,9,9,True,True,True,0.006238452505066281
4030,2968145862,3859591158,112,112,True,True,True,0.005074400306222142
4031,159424882,2381088973,208,208,True,True,True,0.005330560419177887
4032,3007915978,2258040906,321,321,True,True,True,0.0051469741334103205
4033,1739295651,3217556714,190,190,True,True,True,0.005462953145162501
4034,4169473819,3147577748,36,36,True,True,True,0.0060948615210533776
4035,2875198554,2467387224,395,395,True,True,True,0.0050795056732641525
4036,3862721427,2529063642,10,10,True,True,True,0.005409463154173491
4037,1914253445,1254199247,26,26,True,True,True,0.005460733363343205
4038,12052194,1209781660,103,103,True,True,True,0.006010970603910771
4039,835430215,2378859700,317,317,True,True,True,0.00509179209756119
4040,2754776177,3625911330,151,151,True,True,True,0.005007133493945517
4041,3868747352,3911389757,167,167,True,True,True,0.005772682552768008
4042,534598354,4017273071,305,305,True,True,True,0.005456256679485443
4043,534132770,3568101178,127,127,True,True,True,0.006301909631863419
4044,3927294073,4093448440,30,30,True,True,True,0.0055339606682830835
4045,514171792,3971660509,134,134,True,True,True,0.00501271862258682
4046,2033090048,2246284963,15,15,True,True,True,0.005629143723227729
4047,66729875,1863557337,154,154,True,True,True,0.005019908521274046
4048,2307936382,3366421119,114,114,True,True,True,0.005469756351740355
4049,660809463,3216437524,88,88,True,True,True,0.005334211281211863
4050,2803782914,2939680066,79,79,True,True,True,0.005755610388254041
4051,1262367939,3583830947,57,57,True,True,True,0.0069549471731123295
4052,3298980208,2842905935,61,61,True,True,True,0.005365035587850588
4053,1851435303,1702855860,30,30,True,True,True,0.005958619527292668
4054,4288465190,4069711597,92,92,True,True,True,0.005769691764853884
4055,3639458114,3524650296,37,37,True,True,True,0.0051553894979807415
4056,1582556493,3276533955,59,59,True,True,True,0.005048519825702461
4057,1923921121,3066139098,152,152,True,True,True,0.0050962745808053565
4058,512645301,2387690532,136,136,True,True,True,0.005599674656913459
4059,1138564147,966216268,23,23,True,True,True,0.005989828828694291
4060,2868646418,1072181309,25,25,True,True,True,0.0066343523919289455
4061,1103124217,2319239899,45,45,True,True,True,0.005498099857640518
4062,3485139569,1504281429,296,296,True,True,True,0.0051156901389294105
4063,1387561936,1204003708,6,6,True,True,True,0.005171087076942787
4064,4060364464,3582593132,92,92,True,True,True,0.005464794064111841
4065,1877092861,3741786266,37,37,True,True,True,0.00585627339561038
4066,1482562324,3432744820,356,356,True,True,True,0.005446857403862169
4067,3038605105,3861057533,143,143,True,True,True,0.005349574728168022
4068,2118151194,2545601470,357,357,True,True,True,0.005760050682698437
4069,2047698137,4245236243,28,28,True,True,True,0.005223346955944635
4070,105057004,1219898811,111,111,True,True,True,0.005391255053805014
4071,2422079622,114527121,52,52,True,True,True,0.005842254497370672
4072,3323976019,832748444,27,27,True,True,True,0.0050572560157003095
4073,3996235265,2303842008,22,22,True,True,True,0.006718501058839167
4074,3611322498,2759716489,707,707,False,True,True,0.005221876857742753
4075,3280530535,247575704,62,62,True,True,True,0.005280448375309173
4076,3869601112,2454226955,58,58,True,True,True,0.005236871787722669
4077,1040703568,3738487796,40,40,True,True,True,0.0055732537012905346
4078,59899969,2237041295,78,78,True,True,True,0.005771018737204498
4079,2623869182,3499353077,348,348,True,True,True,0.00730924667301015
4080,4034475495,3958595763,45,45,True,True,True,0.005116556976691418
4081,2538994098,3220148478,537,537,False,True,True,0.005294722663699536
4082,3185329089,1481573184,370,370,True,True,True,0.005015762091265303
4083,2113308791,2956651829,12,12,True,True,True,0.005615884922755013
4084,2510476397,15767085,124,124,True,True,True,0.005026787964381366
4085,246935061,3638578807,97,97,True,True,True,0.006021517348708475
4086,4082030950,544306928,330,330,True,True,True,0.005411484014820663
4087,3573058009,2465106645,16,16,True,True,True,0.0050282889746490825
4088,704272296,2405448572,596,596,False,True,True,0.005125635902622093
4089,2039630980,828795294,29,29,True,True,True,0.005307657575708138
4090,3533349057,3663050708,7,7,True,True,True,0.005564509904075324
4091,279385319,198733106,93,93,True,True,True,0.005179727480877933
4092,247003170,936937255,250,250,True,True,True,0.00554628899966206
4093,3755388125,1340678612,109,109,True,True,True,0.005742183846220249
4094,830258813,3615431520,12,12,True,True,True,0.005492146651068544
4095,4115856063,1313258404,117,117,True,True,True,0.005061482628005164
4096,2133882273,3905713095,129,129,True,True,True,0.0050395283948069065
4097,3929408913,157097044,186,186,True,True,True,0.005079975999598673
4098,1520877681,1503706401,28,28,True,True,True,0.0052659320583601284
4099,1582370610,3990919725,28,28,True,True,True,0.005004974159966565
