case,phase,replicate,method,structure_seed,sample_seed,cin_fit_seed,comparator_fit_seed,stability_seed,n,p,status,charter_sha256,generator_attempts,error_type,error,elapsed_seconds,point_fit_seconds,peak_rss_mb,ap,prevalence,ap_minus_prevalence,n_pairs_complete,n_pairs_total,n_failed_pairs,n_true_edges,n_strong_edges,strong_edge_set_available,n_nonempty_delta_views,n_nonempty_agreement_views,strong_edge_recall,delta_0_strong_recall,delta_005_strong_recall,delta_01_strong_recall,delta_02_strong_recall,oracle_cmi_mae,oracle_cmi_bias,oracle_cmi_mae_true,oracle_cmi_bias_true,oracle_cmi_mae_all,oracle_cmi_bias_all,categorical_excess_loss,n_categorical_targets,positive_weight_q50,positive_weight_q90,positive_weight_q95,positive_weight_q99,positive_weight_max,tie_fraction,orientation_gap_q50,orientation_gap_q90,orientation_gap_q95,orientation_gap_q99,orientation_gap_max,variance_floor_hits,variance_floor_observations,variance_floor_hit_rate,probability_clipped_fraction,zero_sum_fallbacks,minimum_probability,delta_0_displayed_count,delta_0_displayed_fraction,delta_0_precision,delta_0_recall,delta_0_empty,delta_005_displayed_count,delta_005_displayed_fraction,delta_005_precision,delta_005_recall,delta_005_empty,delta_01_displayed_count,delta_01_displayed_fraction,delta_01_precision,delta_01_recall,delta_01_empty,delta_02_displayed_count,delta_02_displayed_fraction,delta_02_precision,delta_02_recall,delta_02_empty,agreement_delta_0_displayed_count,agreement_delta_0_displayed_fraction,agreement_delta_0_precision,agreement_delta_0_recall,agreement_delta_0_empty,agreement_delta_005_displayed_count,agreement_delta_005_displayed_fraction,agreement_delta_005_precision,agreement_delta_005_recall,agreement_delta_005_empty,agreement_delta_01_displayed_count,agreement_delta_01_displayed_fraction,agreement_delta_01_precision,agreement_delta_01_recall,agreement_delta_01_empty,agreement_delta_02_displayed_count,agreement_delta_02_displayed_fraction,agreement_delta_02_precision,agreement_delta_02_recall,agreement_delta_02_empty,node_order_json,stability_repeats_requested,stability_repeat_seeds_json,stability_completed_repeat_ids_json,stability_node_order_json,stability_status,stability_error,pair_sidecar_file,stability_sidecar_file
F,development,2000,cin,181826144,1406863547,950164391,3980597899,3117648424,150,8,complete,0e8306dd9b40f6f383e06a16c2d3739065d2277b4dbb13054173a9c071661f2a,55,,,0.1920611999812536,0.125,,0.7124114774114774,0.35714285714285715,0.3552686202686202,28,28,0,10,5,True,4,4,0.8,0.8,0.6,0.4,0.2,0.009361367509228651,-0.0016186049151567564,0.009361367509228651,-0.0016186049151567564,0.006166666461980627,-0.0018688530925783577,-0.020092046108688477,8,0.0023268939345135785,0.014566572713891302,0.025754795691922443,0.046109228923104935,0.05119783723090057,0.0,0.005780001751973868,0.021637978958013313,0.025214664125855872,0.03910019694485432,0.043909470921812604,0,8,0.0,0.0016666666666666668,0,0.0014356435643564356,16,0.5714285714285714,0.5,0.8,False,4,0.14285714285714285,0.75,0.3,False,3,0.10714285714285714,0.6666666666666666,0.2,False,1,0.03571428571428571,1.0,0.1,False,11,0.39285714285714285,0.5454545454545454,0.6,False,4,0.14285714285714285,0.75,0.3,False,3,0.10714285714285714,0.6666666666666666,0.2,False,1,0.03571428571428571,1.0,0.1,False,"[""V00"",""V01"",""V02"",""V03"",""V04"",""V05"",""V06"",""V07""]",,,,,,,F_development_2000_cin_pairs.csv.gz,
F,development,2001,cin,291272677,1782193612,3105139040,2442252502,1009344889,150,8,complete,0e8306dd9b40f6f383e06a16c2d3739065d2277b4dbb13054173a9c071661f2a,107,,,0.16894339997088537,0.14100000000325963,,0.4636886661097187,0.35714285714285715,0.10654580896686155,28,28,0,10,1,True,3,3,1.0,1.0,0.0,0.0,0.0,0.008032010678200297,-0.006387298524652164,0.008032010678200297,-0.006387298524652164,0.004406348876939588,-0.0018190354807757559,-0.008269121069965395,8,0.003129545106875639,0.013085511517922426,0.01423246289787747,0.01478203640658379,0.014919429783760367,0.0,0.0016965763743197026,0.007619950948120164,0.00926922284060737,0.011407997923565963,0.012046286019300636,0,8,0.0,0.0004166666666666667,0,0.0018316831683168316,12,0.42857142857142855,0.4166666666666667,0.5,False,4,0.14285714285714285,0.5,0.2,False,2,0.07142857142857142,0.5,0.1,False,0,0.0,nan,0.0,True,11,0.39285714285714285,0.36363636363636365,0.4,False,4,0.14285714285714285,0.5,0.2,False,2,0.07142857142857142,0.5,0.1,False,0,0.0,nan,0.0,True,"[""V00"",""V01"",""V02"",""V03"",""V04"",""V05"",""V06"",""V07""]",,,,,,,F_development_2001_cin_pairs.csv.gz,
F,development,2002,cin,2013276633,2114994559,3562291350,1321246855,877894609,150,8,complete,0e8306dd9b40f6f383e06a16c2d3739065d2277b4dbb13054173a9c071661f2a,20,,,0.1689947000122629,0.125,,0.6302334267040148,0.35714285714285715,0.2730905695611577,28,28,0,10,1,True,2,2,0.0,0.0,0.0,0.0,0.0,0.007726134434843257,-0.007726134434843257,0.007726134434843257,-0.007726134434843257,0.0050815542249460595,-0.004839225719030215,0.007925166599054586,8,0.0008402540451759241,0.003551320576167266,0.004440407056754809,0.0051516762412248465,0.005329493537342355,0.0,0.0008765577205505055,0.009380174211140352,0.018272358260904408,0.023402410551465906,0.024393420438180866,0,8,0.0,0.0004166666666666667,0,0.0010396039603960397,10,0.35714285714285715,0.6,0.6,False,1,0.03571428571428571,1.0,0.1,False,0,0.0,nan,0.0,True,0,0.0,nan,0.0,True,10,0.35714285714285715,0.6,0.6,False,1,0.03571428571428571,1.0,0.1,False,0,0.0,nan,0.0,True,0,0.0,nan,0.0,True,"[""V00"",""V01"",""V02"",""V03"",""V04"",""V05"",""V06"",""V07""]",,,,,,,F_development_2002_cin_pairs.csv.gz,
F,development,2003,cin,1273250151,672989268,2607872966,1521623139,2291034584,150,8,complete,0e8306dd9b40f6f383e06a16c2d3739065d2277b4dbb13054173a9c071661f2a,125,,,0.16625319997547194,0.125,,0.5267910120569966,0.35714285714285715,0.16964815491413948,28,28,0,10,4,True,4,4,0.75,0.75,0.75,0.75,0.5,0.01044313201271475,-0.005076599910764923,0.01044313201271475,-0.005076599910764923,0.006894185410894894,-0.0006331655707237261,-0.0207096888499462,8,0.006548124151068169,0.022491745058879298,0.024900237848091006,0.028174923341419477,0.028993594714751603,0.0,0.0021673388764513616,0.007572211086436762,0.008375065033136562,0.015156760904732535,0.017642852437898083,0,8,0.0,0.004583333333333333,0,0.0019306930693069309,14,0.5,0.35714285714285715,0.5,False,9,0.32142857142857145,0.4444444444444444,0.4,False,4,0.14285714285714285,0.75,0.3,False,3,0.10714285714285714,0.6666666666666666,0.2,False,13,0.4642857142857143,0.38461538461538464,0.5,False,9,0.32142857142857145,0.4444444444444444,0.4,False,4,0.14285714285714285,0.75,0.3,False,3,0.10714285714285714,0.6666666666666666,0.2,False,"[""V00"",""V01"",""V02"",""V03"",""V04"",""V05"",""V06"",""V07""]",,,,,,,F_development_2003_cin_pairs.csv.gz,
F,development,2004,cin,537267713,3439926581,863854919,4015666983,818349213,150,8,complete,0e8306dd9b40f6f383e06a16c2d3739065d2277b4dbb13054173a9c071661f2a,274,,,0.16494310001144186,0.125,,0.7136080586080585,0.35714285714285715,0.3564652014652014,28,28,0,10,3,True,3,3,0.6666666666666666,0.6666666666666666,0.6666666666666666,0.3333333333333333,0.0,0.006515175742182496,-0.006515175742182496,0.006515175742182496,-0.006515175742182496,0.004478194476378044,-0.0036991740781003877,-0.005400133863356611,8,0.0010701802837363096,0.007928557789722901,0.009950964680100538,0.012283400714752334,0.012866509723415288,0.0,0.003548682990370739,0.01855890388491389,0.024123794273349094,0.02554725819649609,0.025687763672937614,0,8,0.0,0.0016666666666666668,0,0.003118811881188119,13,0.4642857142857143,0.5384615384615384,0.7,False,4,0.14285714285714285,0.75,0.3,False,1,0.03571428571428571,1.0,0.1,False,0,0.0,nan,0.0,True,11,0.39285714285714285,0.5454545454545454,0.6,False,3,0.10714285714285714,0.6666666666666666,0.2,False,1,0.03571428571428571,1.0,0.1,False,0,0.0,nan,0.0,True,"[""V00"",""V01"",""V02"",""V03"",""V04"",""V05"",""V06"",""V07""]",,,,,,,F_development_2004_cin_pairs.csv.gz,
F,development,2005,cin,3237150132,1807397450,4108660672,2647103535,1599259417,150,8,complete,0e8306dd9b40f6f383e06a16c2d3739065d2277b4dbb13054173a9c071661f2a,72,,,0.16659799998160452,0.14100000000325963,,0.7295021645021644,0.35714285714285715,0.3723593073593073,28,28,0,10,0,True,4,4,,nan,nan,nan,nan,0.008577569454859688,-0.004355445253187523,0.008577569454859688,-0.004355445253187523,0.005080705943131523,-0.0032602217557276447,0.006112415946136498,8,0.004430675314236656,0.014828835472866203,0.01887918402446113,0.02211946286573708,0.022929532576056066,0.0,0.0029119426868126188,0.010396430551458993,0.013165039143609444,0.017067399384127543,0.017968659237556403,0,8,0.0,0.007083333333333334,0,0.0006435643564356436,9,0.32142857142857145,0.5555555555555556,0.5,False,4,0.14285714285714285,1.0,0.4,False,2,0.07142857142857142,1.0,0.2,False,1,0.03571428571428571,1.0,0.1,False,6,0.21428571428571427,0.8333333333333334,0.5,False,4,0.14285714285714285,1.0,0.4,False,2,0.07142857142857142,1.0,0.2,False,1,0.03571428571428571,1.0,0.1,False,"[""V00"",""V01"",""V02"",""V03"",""V04"",""V05"",""V06"",""V07""]",,,,,,,F_development_2005_cin_pairs.csv.gz,
F,development,2006,cin,2032857770,2302610876,3674446812,3991777615,519166432,150,8,complete,0e8306dd9b40f6f383e06a16c2d3739065d2277b4dbb13054173a9c071661f2a,239,,,0.16453599999658763,0.125,,0.363979510715276,0.35714285714285715,0.00683665357241886,28,28,0,10,4,True,3,3,0.5,0.5,0.0,0.0,0.0,0.012890550372010747,-0.012890550372010747,0.012890550372010747,-0.012890550372010747,0.010487945123553962,-0.008864227729448894,0.026889957322235508,8,0.0018033002743753248,0.0057500201379522085,0.008644064855392835,0.010959300629345347,0.011538109572833471,0.0,0.0025688352776744422,0.020310117987811363,0.02471489917224324,0.04643914994935991,0.05402313534668259,0,8,0.0,0.00625,0,0.0016336633663366338,10,0.35714285714285715,0.4,0.4,False,2,0.07142857142857142,0.0,0.0,False,1,0.03571428571428571,0.0,0.0,False,0,0.0,nan,0.0,True,9,0.32142857142857145,0.3333333333333333,0.3,False,2,0.07142857142857142,0.0,0.0,False,1,0.03571428571428571,0.0,0.0,False,0,0.0,nan,0.0,True,"[""V00"",""V01"",""V02"",""V03"",""V04"",""V05"",""V06"",""V07""]",,,,,,,F_development_2006_cin_pairs.csv.gz,
F,development,2007,cin,475684795,2990844684,3522566595,1219362546,2330284943,150,8,complete,0e8306dd9b40f6f383e06a16c2d3739065d2277b4dbb13054173a9c071661f2a,10,,,0.16416560002835467,0.14100000000325963,,0.7741804927099044,0.35714285714285715,0.41703763556704726,28,28,0,10,3,True,2,2,0.6666666666666666,0.6666666666666666,0.0,0.0,0.0,0.008705505085248928,-0.008008541469574562,0.008705505085248928,-0.008008541469574562,0.004341963396734659,-0.003893710703074067,0.0009634149835479515,8,0.000615928400748159,0.0061624898044077905,0.008616206343515644,0.009613392433439293,0.009862688955920207,0.0,0.0010827581136247954,0.013237951766450118,0.018139461192509112,0.02328105748793324,0.025077996777154894,0,8,0.0,0.0020833333333333333,0,0.0014356435643564356,14,0.5,0.5714285714285714,0.8,False,2,0.07142857142857142,1.0,0.2,False,0,0.0,nan,0.0,True,0,0.0,nan,0.0,True,9,0.32142857142857145,0.7777777777777778,0.7,False,2,0.07142857142857142,1.0,0.2,False,0,0.0,nan,0.0,True,0,0.0,nan,0.0,True,"[""V00"",""V01"",""V02"",""V03"",""V04"",""V05"",""V06"",""V07""]",,,,,,,F_development_2007_cin_pairs.csv.gz,
F,development,2008,cin,3868091673,833905585,582398756,2600131943,432869439,150,8,complete,0e8306dd9b40f6f383e06a16c2d3739065d2277b4dbb13054173a9c071661f2a,40,,,0.16276929999003187,0.14100000000325963,,0.9378174603174602,0.35714285714285715,0.5806746031746031,28,28,0,10,2,True,3,3,1.0,1.0,1.0,1.0,0.0,0.004042425818589574,-0.0034879163282090634,0.004042425818589574,-0.0034879163282090634,0.002853868727427558,-0.0022415620470954607,-0.00936635100026308,8,0.002702090427714292,0.011093947309700338,0.01348324372466489,0.016188218087470136,0.016864461678171454,0.0,0.00154229361229328,0.006322612133507996,0.007793102320396379,0.010171087764144868,0.010946960554527506,0,8,0.0,0.0,0,0.05108124295665413,13,0.4642857142857143,0.6923076923076923,0.9,False,5,0.17857142857142858,1.0,0.5,False,3,0.10714285714285714,1.0,0.3,False,0,0.0,nan,0.0,True,12,0.42857142857142855,0.75,0.9,False,5,0.17857142857142858,1.0,0.5,False,3,0.10714285714285714,1.0,0.3,False,0,0.0,nan,0.0,True,"[""V00"",""V01"",""V02"",""V03"",""V04"",""V05"",""V06"",""V07""]",,,,,,,F_development_2008_cin_pairs.csv.gz,
F,development,2009,cin,985827821,4091863305,2236673624,2219822986,2774777867,150,8,complete,0e8306dd9b40f6f383e06a16c2d3739065d2277b4dbb13054173a9c071661f2a,121,,,0.22999750002054498,0.18699999997625127,,0.5274963924963925,0.35714285714285715,0.1703535353535353,28,28,0,10,2,True,3,3,0.5,0.5,0.0,0.0,0.0,0.009033235822493744,-0.007168199990827422,0.009033235822493744,-0.007168199990827422,0.004932495044190854,-0.003547705961596341,0.0015881568086241176,8,0.0019211481653185081,0.009333582100627003,0.010138295460951463,0.010782066149211032,0.010943008821275923,0.0,0.0020501256965102404,0.007926693786061272,0.014574834866564046,0.018780725716022607,0.019094873919346028,0,8,0.0,0.0016666666666666668,0,0.0005445544554455446,11,0.39285714285714285,0.36363636363636365,0.4,False,2,0.07142857142857142,1.0,0.2,False,1,0.03571428571428571,1.0,0.1,False,0,0.0,nan,0.0,True,8,0.2857142857142857,0.375,0.3,False,2,0.07142857142857142,1.0,0.2,False,1,0.03571428571428571,1.0,0.1,False,0,0.0,nan,0.0,True,"[""V00"",""V01"",""V02"",""V03"",""V04"",""V05"",""V06"",""V07""]",,,,,,,F_development_2009_cin_pairs.csv.gz,
F,development,2010,cin,1758681653,2173305406,1461291122,4187224431,1895335969,150,8,complete,0e8306dd9b40f6f383e06a16c2d3739065d2277b4dbb13054173a9c071661f2a,6,,,0.16731689998414367,0.14100000000325963,,0.5759169333082377,0.35714285714285715,0.21877407616538053,28,28,0,10,3,True,4,4,0.6666666666666666,0.6666666666666666,0.0,0.0,0.0,0.011026476351121585,-0.004593470479345175,0.011026476351121585,-0.004593470479345175,0.007008409634019088,-0.002800740157686567,0.002055932227896602,8,0.00187543276291851,0.014083163893860044,0.02130631800240478,0.029930799292283025,0.0320869196147526,0.0,0.002294691686277635,0.01595281439096714,0.022949943063305906,0.028590772574513753,0.02982043778090691,0,8,0.0,0.004583333333333333,0,0.0011386138613861388,13,0.4642857142857143,0.46153846153846156,0.6,False,4,0.14285714285714285,0.5,0.2,False,3,0.10714285714285714,0.6666666666666666,0.2,False,1,0.03571428571428571,1.0,0.1,False,9,0.32142857142857145,0.5555555555555556,0.5,False,4,0.14285714285714285,0.5,0.2,False,3,0.10714285714285714,0.6666666666666666,0.2,False,1,0.03571428571428571,1.0,0.1,False,"[""V00"",""V01"",""V02"",""V03"",""V04"",""V05"",""V06"",""V07""]",,,,,,,F_development_2010_cin_pairs.csv.gz,
F,development,2011,cin,1382844142,1073327238,2774235228,2124049978,3836826660,150,8,complete,0e8306dd9b40f6f383e06a16c2d3739065d2277b4dbb13054173a9c071661f2a,9,,,0.17069940001238137,0.14100000000325963,,0.608580031080031,0.35714285714285715,0.25143717393717385,28,28,0,10,2,True,4,4,0.5,0.5,0.5,0.0,0.0,0.009944411755239826,-0.007117728571950912,0.009944411755239826,-0.007117728571950912,0.0067911018887783494,-0.005350203923480282,0.006051061767588455,8,0.0012663249112999952,0.009100235600217317,0.014933478203171369,0.01960007228553462,0.020766720806125433,0.0,0.0029829135245455574,0.017032481358727515,0.03385091171690519,0.044239004318954445,0.04567850573634566,0,8,0.0,0.013333333333333332,0,0.0005445544554455446,9,0.32142857142857145,0.5555555555555556,0.5,False,2,0.07142857142857142,1.0,0.2,False,1,0.03571428571428571,1.0,0.1,False,1,0.03571428571428571,1.0,0.1,False,8,0.2857142857142857,0.5,0.4,False,2,0.07142857142857142,1.0,0.2,False,1,0.03571428571428571,1.0,0.1,False,1,0.03571428571428571,1.0,0.1,False,"[""V00"",""V01"",""V02"",""V03"",""V04"",""V05"",""V06"",""V07""]",,,,,,,F_development_2011_cin_pairs.csv.gz,
F,development,2012,cin,976843790,1778380538,3136808623,3143415569,2051841364,150,8,complete,0e8306dd9b40f6f383e06a16c2d3739065d2277b4dbb13054173a9c071661f2a,28,,,0.3536479999893345,0.3119999999762513,,0.6355119047619047,0.35714285714285715,0.2783690476190475,28,28,0,10,3,True,3,3,1.0,1.0,0.6666666666666666,0.3333333333333333,0.0,0.010515102266702273,-0.010083476894171791,0.010515102266702273,-0.010083476894171791,0.0056777030915164265,-0.00479449544693694,0.0066997807900038946,8,0.004950130452430927,0.009009287296318749,0.0098853425354319,0.010586186726722423,0.010761397774545054,0.0,0.0031962150419616127,0.009594165531155918,0.012840221100941233,0.021451771978477318,0.024600488617412583,0,8,0.0,0.0025,0,0.0014356435643564356,9,0.32142857142857145,0.6666666666666666,0.6,False,4,0.14285714285714285,0.75,0.3,False,1,0.03571428571428571,1.0,0.1,False,0,0.0,nan,0.0,True,8,0.2857142857142857,0.75,0.6,False,4,0.14285714285714285,0.75,0.3,False,1,0.03571428571428571,1.0,0.1,False,0,0.0,nan,0.0,True,"[""V00"",""V01"",""V02"",""V03"",""V04"",""V05"",""V06"",""V07""]",,,,,,,F_development_2012_cin_pairs.csv.gz,
F,development,2013,cin,262053709,3853732750,3564232281,865912825,2083241379,150,8,complete,0e8306dd9b40f6f383e06a16c2d3739065d2277b4dbb13054173a9c071661f2a,151,,,0.16790619998937473,0.125,,0.7156131341425459,0.35714285714285715,0.35847027699968875,28,28,0,10,2,True,3,3,1.0,1.0,0.0,0.0,0.0,0.007831827687687394,-0.006354130604135577,0.007831827687687394,-0.006354130604135577,0.00375516735574423,-0.0024445509110361707,-0.006452510154010216,8,0.003771517474200923,0.007388471827643338,0.010692347658958903,0.013335448324011357,0.013996223490274469,0.0,0.0013417037089529715,0.0035449066610456848,0.004358721982663205,0.007369536536083099,0.008332745446818229,0,8,0.0,0.0,0,0.02847260211740563,11,0.39285714285714285,0.6363636363636364,0.7,False,3,0.10714285714285714,0.6666666666666666,0.2,False,1,0.03571428571428571,1.0,0.1,False,0,0.0,nan,0.0,True,10,0.35714285714285715,0.7,0.7,False,3,0.10714285714285714,0.6666666666666666,0.2,False,1,0.03571428571428571,1.0,0.1,False,0,0.0,nan,0.0,True,"[""V00"",""V01"",""V02"",""V03"",""V04"",""V05"",""V06"",""V07""]",,,,,,,F_development_2013_cin_pairs.csv.gz,
F,development,2014,cin,246598687,2804119832,1785761790,2872370871,450598741,150,8,complete,0e8306dd9b40f6f383e06a16c2d3739065d2277b4dbb13054173a9c071661f2a,50,,,0.16573520004749298,0.125,,0.6077582417582418,0.35714285714285715,0.25061538461538463,28,28,0,10,2,True,2,2,0.5,0.5,0.0,0.0,0.0,0.006940711567718109,-0.006562826642387849,0.006940711567718109,-0.006562826642387849,0.003167065246258475,-0.002388650113680997,-0.0033143927004147975,8,0.0011275617408741398,0.0034382246699869294,0.005273647622392592,0.007722781070470179,0.00833506443248958,0.0,0.00027149235148656075,0.0020819510506295863,0.0036752257641902617,0.005501877643237655,0.005884617238227291,0,8,0.0,0.0008333333333333334,0,0.0014356435643564356,14,0.5,0.42857142857142855,0.6,False,1,0.03571428571428571,1.0,0.1,False,0,0.0,nan,0.0,True,0,0.0,nan,0.0,True,14,0.5,0.42857142857142855,0.6,False,1,0.03571428571428571,1.0,0.1,False,0,0.0,nan,0.0,True,0,0.0,nan,0.0,True,"[""V00"",""V01"",""V02"",""V03"",""V04"",""V05"",""V06"",""V07""]",,,,,,,F_development_2014_cin_pairs.csv.gz,
F,development,2015,cin,3136662050,573304753,4214096630,3040238331,3807402344,150,8,complete,0e8306dd9b40f6f383e06a16c2d3739065d2277b4dbb13054173a9c071661f2a,292,,,0.16346950002480298,0.125,,0.5694124829418947,0.35714285714285715,0.21226962579903758,28,28,0,10,4,True,4,4,0.5,0.5,0.25,0.25,0.0,0.006916188763659734,-0.0050556719634775255,0.006916188763659734,-0.0050556719634775255,0.005813527818667842,-0.0026668888601454293,-0.0023179234994544383,8,0.003632396884290357,0.01653379517591515,0.019418257415035663,0.02143183322631432,0.021935227179133977,0.0,0.00378816922298792,0.01692273781851985,0.020690121060832352,0.028144130659354644,0.030277028559978457,0,8,0.0,0.00125,0,0.0012376237623762376,12,0.42857142857142855,0.4166666666666667,0.5,False,5,0.17857142857142858,0.6,0.3,False,2,0.07142857142857142,0.5,0.1,False,1,0.03571428571428571,0.0,0.0,False,7,0.25,0.42857142857142855,0.3,False,4,0.14285714285714285,0.5,0.2,False,2,0.07142857142857142,0.5,0.1,False,1,0.03571428571428571,0.0,0.0,False,"[""V00"",""V01"",""V02"",""V03"",""V04"",""V05"",""V06"",""V07""]",,,,,,,F_development_2015_cin_pairs.csv.gz,
F,development,2016,cin,4157728997,1025745953,1702709124,1641947284,1893906341,150,8,complete,0e8306dd9b40f6f383e06a16c2d3739065d2277b4dbb13054173a9c071661f2a,193,,,0.16328340000472963,0.14000000001396984,,0.6533223539745278,0.35714285714285715,0.2961794968316706,28,28,0,10,4,True,3,3,0.75,0.75,0.5,0.25,0.0,0.007195719326461641,-0.007195719326461641,0.007195719326461641,-0.007195719326461641,0.003645403597775414,-0.002775235680138842,-0.005856782427184512,8,0.002402912861653027,0.005513204793285011,0.010269296754246482,0.014074170323015662,0.015025388715207953,0.0,0.0007006034426512216,0.003698621238171949,0.004850802613410169,0.00661562386423653,0.0071037393213782265,0,8,0.0,0.0,0,0.034125951638418466,11,0.39285714285714285,0.6363636363636364,0.7,False,3,0.10714285714285714,0.6666666666666666,0.2,False,1,0.03571428571428571,1.0,0.1,False,0,0.0,nan,0.0,True,10,0.35714285714285715,0.6,0.6,False,3,0.10714285714285714,0.6666666666666666,0.2,False,1,0.03571428571428571,1.0,0.1,False,0,0.0,nan,0.0,True,"[""V00"",""V01"",""V02"",""V03"",""V04"",""V05"",""V06"",""V07""]",,,,,,,F_development_2016_cin_pairs.csv.gz,
F,development,2017,cin,2259148899,2190343056,3321438143,3188678317,673805646,150,8,complete,0e8306dd9b40f6f383e06a16c2d3739065d2277b4dbb13054173a9c071661f2a,21,,,0.16826289996970445,0.125,,0.5657113977353915,0.35714285714285715,0.20856854059253432,28,28,0,10,4,True,3,3,0.5,0.5,0.5,0.25,0.0,0.008332551401575768,-0.008332551401575768,0.008332551401575768,-0.008332551401575768,0.004730522392253361,-0.0041885381464831185,0.0032287618782264067,8,0.0015800955167994853,0.007089978885579083,0.010735597202874396,0.013652091856710652,0.014381215520169716,0.0,0.0015023205563592674,0.01706184950286382,0.02073383426387215,0.03094147315461173,0.03398775300453612,0,8,0.0,0.006666666666666667,0,0.0010396039603960397,9,0.32142857142857145,0.4444444444444444,0.4,False,2,0.07142857142857142,1.0,0.2,False,1,0.03571428571428571,1.0,0.1,False,0,0.0,nan,0.0,True,7,0.25,0.42857142857142855,0.3,False,2,0.07142857142857142,1.0,0.2,False,1,0.03571428571428571,1.0,0.1,False,0,0.0,nan,0.0,True,"[""V00"",""V01"",""V02"",""V03"",""V04"",""V05"",""V06"",""V07""]",,,,,,,F_development_2017_cin_pairs.csv.gz,
F,development,2018,cin,54945984,4101873797,56540269,3016728367,63544716,150,8,complete,0e8306dd9b40f6f383e06a16c2d3739065d2277b4dbb13054173a9c071661f2a,243,,,0.1639803999569267,0.125,,0.7037121212121211,0.35714285714285715,0.34656926406926397,28,28,0,10,2,True,4,4,1.0,1.0,1.0,1.0,0.5,0.011347475908195358,0.0029805179347004657,0.011347475908195358,0.0029805179347004657,0.006840016599817965,-3.855782004366989e-05,-0.009651048238495231,8,0.0055701521446753464,0.03003322952857584,0.033455565228850966,0.03629460769300417,0.03700436830904246,0.0,0.0034281795491760032,0.02077115462163114,0.029654090515038953,0.041306542455825115,0.04401071793192825,0,8,0.0,0.01625,0,0.0011386138613861388,12,0.42857142857142855,0.5,0.6,False,6,0.21428571428571427,0.6666666666666666,0.4,False,5,0.17857142857142858,0.8,0.4,False,3,0.10714285714285714,1.0,0.3,False,9,0.32142857142857145,0.6666666666666666,0.6,False,5,0.17857142857142858,0.8,0.4,False,5,0.17857142857142858,0.8,0.4,False,3,0.10714285714285714,1.0,0.3,False,"[""V00"",""V01"",""V02"",""V03"",""V04"",""V05"",""V06"",""V07""]",,,,,,,F_development_2018_cin_pairs.csv.gz,
F,development,2019,cin,1508751405,1959274955,1825429050,1659414730,2454931410,150,8,complete,0e8306dd9b40f6f383e06a16c2d3739065d2277b4dbb13054173a9c071661f2a,101,,,0.16437309997854754,0.125,,0.61000407000407,0.35714285714285715,0.2528612128612128,28,28,0,10,3,True,4,4,0.6666666666666666,0.6666666666666666,0.6666666666666666,0.6666666666666666,0.0,0.006153534371602972,-0.0035014364522717827,0.006153534371602972,-0.0035014364522717827,0.005635934517068853,-0.000974526668659463,-0.015769614519478576,8,0.006165318698738211,0.016298383488372318,0.022763104941087416,0.032134510946371216,0.03447736244769218,0.0,0.001704871648872932,0.009538473566702623,0.020658950610048847,0.03417775145113386,0.037720018645637635,0,8,0.0,0.005833333333333334,0,0.0013366336633663367,14,0.5,0.5714285714285714,0.8,False,8,0.2857142857142857,0.625,0.5,False,3,0.10714285714285714,0.6666666666666666,0.2,False,1,0.03571428571428571,0.0,0.0,False,13,0.4642857142857143,0.5384615384615384,0.7,False,8,0.2857142857142857,0.625,0.5,False,3,0.10714285714285714,0.6666666666666666,0.2,False,1,0.03571428571428571,0.0,0.0,False,"[""V00"",""V01"",""V02"",""V03"",""V04"",""V05"",""V06"",""V07""]",,,,,,,F_development_2019_cin_pairs.csv.gz,
