file,case,phase,replicate,method,kind,n_rows,sha256
F_development_2000_cin_pairs.csv.gz,F,development,2000,cin,pairs,28,4f742a9b08d94466159356f12258796e867256a18d126ffe7a7cd6ef5520af3b
F_development_2001_cin_pairs.csv.gz,F,development,2001,cin,pairs,28,5c184c8f80b9f4622abe84407a098dc7a60c2fad03b9cf8b478598300d600098
F_development_2002_cin_pairs.csv.gz,F,development,2002,cin,pairs,28,ab1b130a2cccff7c66b3ece4a0039a6fa586694620583e049d46d82fd40a40af
F_development_2003_cin_pairs.csv.gz,F,development,2003,cin,pairs,28,e2aac026af062fdddacf3fa34d7c1f1afeba5da62d1970683d37899c07f1659c
F_development_2004_cin_pairs.csv.gz,F,development,2004,cin,pairs,28,192dc61b21e3514f0450ec6b297bd0fd6f584187e092b5e59f535c7354a6b309
F_development_2005_cin_pairs.csv.gz,F,development,2005,cin,pairs,28,7d8e6cc666cdf6028de3ff1a4e8d9dc2e2e6e9a616efee5b84c14d52779a3d51
F_development_2006_cin_pairs.csv.gz,F,development,2006,cin,pairs,28,0d297e407653da99609db264fb543087727326966a3343b8440a4c881887c46f
F_development_2007_cin_pairs.csv.gz,F,development,2007,cin,pairs,28,9b2303dcc3027322f66ac0bc815e70babc8c92639a2a0e2c8fbeeba953ea15fc
F_development_2008_cin_pairs.csv.gz,F,development,2008,cin,pairs,28,288783c3c5f66251e0e64bb75ec86efeff934d71d1974d662ec01f5aa9045171
F_development_2009_cin_pairs.csv.gz,F,development,2009,cin,pairs,28,b9ec91651ebb080ec59ee7f8b163e0328227b7a23c83805e0ceab0008ac943b8
F_development_2010_cin_pairs.csv.gz,F,development,2010,cin,pairs,28,47e60e7bb2ac990164c0f87db49d1a27cdc9215cdca6c93773b20be7e08b6497
F_development_2011_cin_pairs.csv.gz,F,development,2011,cin,pairs,28,e1da75a8a10932f9e367096cb0af20cf8e4b4d7917cdd2b21a810b96ad1d1deb
F_development_2012_cin_pairs.csv.gz,F,development,2012,cin,pairs,28,6326070891d4790f7ff3ffbf58a834cc16e0f4a8a1f2eea75cde6f09b1c2a2d1
F_development_2013_cin_pairs.csv.gz,F,development,2013,cin,pairs,28,b0da337dc328d8e9b4d1ee92d27e625407ed8d7dc0da3184efc2fdc386307733
F_development_2014_cin_pairs.csv.gz,F,development,2014,cin,pairs,28,59ab34d110d0640caa8a823f754f73cb22812e88f592c5792f8b7a0d50af512c
F_development_2015_cin_pairs.csv.gz,F,development,2015,cin,pairs,28,4597585b5839562a06fc4bf91e8a31216a8a812f6c7102dc548f2ca87070d302
F_development_2016_cin_pairs.csv.gz,F,development,2016,cin,pairs,28,c16f71fcce4c49db629716913ba6c53e568a6333c10783dc362ce83ba140d5b7
F_development_2017_cin_pairs.csv.gz,F,development,2017,cin,pairs,28,e305969908effefcfc46d8362780fd61165657d1812dbecbf4b9c7fb8ee97204
F_development_2018_cin_pairs.csv.gz,F,development,2018,cin,pairs,28,2321ea7fe868b842c627eb33dccc6d3313b39b7ed913b656d3ebfe7ed53d3b25
F_development_2019_cin_pairs.csv.gz,F,development,2019,cin,pairs,28,03468cdb5b7da3cb84c1d7154b0bbe33fc779f90f787206c9bba8bab6bc1c309
