file,case,cell,phase,replicate,repeat,method,kind,n_rows,sha256
F_development_6400_cin_pairs.csv.gz,F,,development,6400,,cin,pairs,28,aaae920c332e65184fc9effe30a32746b720a7747cab08fca05b3d1f1a6cb2bf
F_development_6401_cin_pairs.csv.gz,F,,development,6401,,cin,pairs,28,bccc4e3618d9f8b274d70e7d63ae660032f6701c5c3bbb07800090186e92fcef
F_development_6402_cin_pairs.csv.gz,F,,development,6402,,cin,pairs,28,3c40dd3a2f6e9cf226affaba89e1302110169efb8d6f6d8cab42e9850d7fd86d
F_development_6403_cin_pairs.csv.gz,F,,development,6403,,cin,pairs,28,7d1d8e63aea7f623f04349a320841170e88a221da08aa6ca60ab1bbe3690f7be
F_development_6404_cin_pairs.csv.gz,F,,development,6404,,cin,pairs,28,5af40ca808a6036fed33c7134eb1a739adc64a04220f0cce88d9533e312de3aa
F_development_6405_cin_pairs.csv.gz,F,,development,6405,,cin,pairs,28,3bb898e76009c5b44cf23cb685d1f999d0e929960a764ee484f6ddd55119c636
F_development_6406_cin_pairs.csv.gz,F,,development,6406,,cin,pairs,28,7a86f5b88cdef697fb62012d6dc9057e32a4e4d5851cfb974c9089363cdd8390
F_development_6407_cin_pairs.csv.gz,F,,development,6407,,cin,pairs,28,32c6a184d9a78cfd4208055c8448ce7a7e6e31cf71ebb6fdcfceb4ab3890e7f7
F_development_6408_cin_pairs.csv.gz,F,,development,6408,,cin,pairs,28,54f14479b6f15d1f62751614bd31bd0fadd7b0b2e354336ae8e7ea353093463c
F_development_6409_cin_pairs.csv.gz,F,,development,6409,,cin,pairs,28,feab6d3e60cfd7889b01172ee157b55f0efaa95865f2ef7507bcbfc36fcf4549
F_development_6410_cin_pairs.csv.gz,F,,development,6410,,cin,pairs,28,ff51bc52048f13ce65513085e7b1049e93f76a8dcc1ad86eb18f79ff6dad2b6c
F_development_6411_cin_pairs.csv.gz,F,,development,6411,,cin,pairs,28,1676d28ce0136204dc15c2e51b92d49ed1d3aa04f1c2b414ca2c215879a4ac9c
F_development_6412_cin_pairs.csv.gz,F,,development,6412,,cin,pairs,28,2c99e6e43d9568f87a6eb71a3fd2d2748e119bb73091bf1b9628878a31095938
F_development_6413_cin_pairs.csv.gz,F,,development,6413,,cin,pairs,28,6a4315be3a4dab003280435c3bf8905374d7eed3a9d9b61b7618edc23c65d369
F_development_6414_cin_pairs.csv.gz,F,,development,6414,,cin,pairs,28,362ea155fc5d35fd75b048d441f020b3830d11f3a477dac87b1b697f34177e47
F_development_6415_cin_pairs.csv.gz,F,,development,6415,,cin,pairs,28,7e03a74b66e418c26a64e82d56c2d7779099c9605a433330afa5f067cba80c99
F_development_6416_cin_pairs.csv.gz,F,,development,6416,,cin,pairs,28,dd42bc45a4de0bd3a9de1ae5470af251a9f715c6b2a7cdfe13012612883bf431
F_development_6417_cin_pairs.csv.gz,F,,development,6417,,cin,pairs,28,db7c739d83d4376a6e44d61379d6f802fc912d23834f70ea420abd7ae85800c6
F_development_6418_cin_pairs.csv.gz,F,,development,6418,,cin,pairs,28,24cbcb834818d75330c40c3ee3dadee3c6e7c316a803c0e6870de893f0dc2135
F_development_6419_cin_pairs.csv.gz,F,,development,6419,,cin,pairs,28,2e7e389dc9eea4e229df2b0781533f19b34531690600ac0818ab0312bf317cd7
