replicate,status_cap_500,status_cap_1000,generation_status_cap_500,generation_status_cap_1000,generator_attempts_cap_500,generator_attempts_cap_1000,same_frame_when_accepted_by_both,elapsed_seconds_cap_500,elapsed_seconds_cap_1000,point_fit_seconds_cap_500,point_fit_seconds_cap_1000,n_pairs_complete_cap_500,n_pairs_complete_cap_1000,n_pairs_total_cap_500,n_pairs_total_cap_1000
5000,complete,complete,complete,complete,142,142,True,0.3772289999760687,0.6465185000561178,0.25,0.4220000000204891,28.0,28,28,28
5001,complete,complete,complete,complete,178,178,True,0.2265942000085488,0.6580773999448866,0.187999999965541,0.5790000000270084,28.0,28,28,28
5002,complete,complete,complete,complete,204,204,True,0.7211463999701664,2.519200999988243,0.6720000000204891,2.437999999965541,28.0,28,28,28
5003,complete,complete,complete,complete,26,26,True,0.4604088000487536,1.101320699905045,0.3909999999450519,1.0150000000139698,28.0,28,28,28
5004,complete,complete,complete,complete,12,12,True,0.980991700082086,0.5176602000137791,0.9220000000204892,0.437999999965541,28.0,28,28,28
5005,complete,complete,complete,complete,91,91,True,0.4720651000970974,0.7052441999549046,0.4060000000754371,0.640999999945052,28.0,28,28,28
5006,complete,complete,complete,complete,58,58,True,1.3243598999688402,0.4932563999900594,1.2660000000614673,0.4209999999729916,28.0,28,28,28
5007,complete,complete,complete,complete,474,474,True,0.4858342999359593,0.731283999979496,0.4220000000204891,0.6570000000065193,28.0,28,28,28
5008,complete,complete,complete,complete,190,190,True,0.4575516999466344,2.181339900009334,0.3900000000139698,2.109000000054948,28.0,28,28,28
5009,complete,complete,complete,complete,295,295,True,0.4635327999712899,1.2054871000582352,0.3909999999450519,1.125,28.0,28,28,28
5010,complete,complete,complete,complete,43,43,True,0.8913046999368817,0.5047469000564888,0.8279999999795109,0.4370000000344589,28.0,28,28,28
5011,complete,complete,complete,complete,61,61,True,0.5272863999707624,0.5637920000590384,0.4370000000344589,0.484000000054948,28.0,28,28,28
5012,complete,complete,complete,complete,160,160,True,0.462708399980329,0.4787610999774188,0.3909999999450519,0.4059999999590218,28.0,28,28,28
5013,complete,complete,complete,complete,309,309,True,0.5319361999863759,0.5261353999376297,0.4689999999245628,0.4540000000270083,28.0,28,28,28
5014,complete,complete,complete,complete,106,106,True,0.4904823999386281,0.5373719999333844,0.437999999965541,0.4530000000959262,28.0,28,28,28
5015,complete,complete,complete,complete,94,94,True,0.8571847999701276,0.8852249999763444,0.7969999999040738,0.8120000000344589,28.0,28,28,28
5016,complete,complete,complete,complete,200,200,True,0.5514012000057846,0.5084648000774905,0.4839999999385327,0.4380000000819564,28.0,28,28,28
5017,complete,complete,complete,complete,55,55,True,0.5509282000130042,0.7431685000192374,0.4679999999934807,0.6709999999729916,28.0,28,28,28
5018,complete,complete,complete,complete,323,323,True,1.7343462998978794,1.2662930999649689,1.672000000020489,1.2040000000270084,28.0,28,28,28
5019,complete,complete,complete,complete,243,243,True,0.5193361999699846,0.6387097999686375,0.437999999965541,0.5470000000204891,28.0,28,28,28
5020,complete,complete,complete,complete,73,73,True,0.4850323999999091,0.9298300000373274,0.4209999999729916,0.8279999999795109,28.0,28,28,28
5021,complete,complete,complete,complete,78,78,True,0.4548346000956371,0.5632458000909537,0.3910000000614673,0.484000000054948,28.0,28,28,28
5022,complete,complete,complete,complete,253,253,True,0.5435918000293896,1.2405645999824628,0.484000000054948,1.172000000020489,28.0,28,28,28
5023,complete,complete,complete,complete,78,78,True,0.5208864000160247,0.518057500012219,0.4380000000819564,0.4529999999795109,28.0,28,28,28
5024,complete,complete,complete,complete,14,14,True,0.6038861999986693,0.4976968999253586,0.5150000000139698,0.4220000000204891,28.0,28,28,28
5025,complete,complete,complete,complete,444,444,True,0.9778366000391544,0.8637084999354556,0.8910000000614673,0.7970000000204891,28.0,28,28,28
5026,complete,complete,complete,complete,100,100,True,0.8480398999527097,0.8461963000008836,0.765999999945052,0.765999999945052,28.0,28,28,28
5027,complete,complete,complete,complete,22,22,True,0.9053544000489636,0.833240200066939,0.8279999999795109,0.75,28.0,28,28,28
5028,complete,complete,complete,complete,67,67,True,1.0557618999155238,1.2716233000392094,0.9849999999860302,1.187999999965541,28.0,28,28,28
5029,error,complete,error,complete,500,536,,nan,0.9545746999792756,nan,0.890999999945052,nan,28,0,28
5030,complete,complete,complete,complete,74,74,True,1.4870685000205413,0.4944289999548346,1.4070000000065193,0.4220000000204891,28.0,28,28,28
5031,complete,complete,complete,complete,29,29,True,0.9933772999793292,0.5525185000151396,0.9209999999729916,0.4679999999934807,28.0,28,28,28
5032,complete,complete,complete,complete,160,160,True,0.5016582999378443,0.5034092999994755,0.4370000000344589,0.4220000000204891,28.0,28,28,28
5033,complete,complete,complete,complete,97,97,True,0.4688290000194683,1.0177881000563502,0.4059999999590218,0.9529999999795108,28.0,28,28,28
5034,complete,complete,complete,complete,6,6,True,0.5169799000723287,0.8205223000841215,0.4529999999795109,0.75,28.0,28,28,28
5035,complete,complete,complete,complete,119,119,True,0.5055963000049815,0.5318198000313714,0.4220000000204891,0.4529999999795109,28.0,28,28,28
5036,complete,complete,complete,complete,101,101,True,0.8165411999216303,0.4846485999878496,0.75,0.4220000000204891,28.0,28,28,28
5037,complete,complete,complete,complete,177,177,True,0.4625311999116093,0.9769422999816016,0.4059999999590218,0.9059999999590218,28.0,28,28,28
5038,complete,complete,complete,complete,157,157,True,0.6970669000875205,0.8102112000342458,0.625,0.7339999999385327,28.0,28,28,28
5039,complete,complete,complete,complete,102,102,True,0.963113599922508,1.793401399976574,0.890999999945052,1.7190000000409782,28.0,28,28,28
5040,complete,complete,complete,complete,189,189,True,0.5016390000237152,0.555478599970229,0.437999999965541,0.484000000054948,28.0,28,28,28
5041,complete,complete,complete,complete,241,241,True,0.4820653999922797,0.5486626999918371,0.4070000000065192,0.4679999999934807,28.0,28,28,28
5042,complete,complete,complete,complete,147,147,True,0.6659883999964222,0.4813412999501452,0.5929999999934807,0.4070000000065192,28.0,28,28,28
5043,complete,complete,complete,complete,343,343,True,1.0313860999885949,0.4665503000142053,0.9540000000270084,0.3910000000614673,28.0,28,28,28
5044,complete,complete,complete,complete,76,76,True,0.4756514000473544,0.4603079999797046,0.4070000000065192,0.3900000000139698,28.0,28,28,28
5045,complete,complete,complete,complete,119,119,True,0.4547797000268474,0.4691316999960691,0.3900000000139698,0.4070000000065192,28.0,28,28,28
5046,complete,complete,complete,complete,197,197,True,0.4828008000040427,0.4537938000867143,0.4220000000204891,0.375,28.0,28,28,28
5047,error,complete,error,complete,500,536,,nan,0.4641545000486076,nan,0.4060000000754371,nan,28,0,28
5048,complete,complete,complete,complete,45,45,True,0.5237538999645039,0.4764814999653026,0.4540000000270083,0.4220000000204891,28.0,28,28,28
5049,complete,complete,complete,complete,64,64,True,0.4986963999690488,0.5548011000500992,0.437999999965541,0.4839999999385327,28.0,28,28,28
5050,complete,complete,complete,complete,8,8,True,0.5088530998909846,1.0237707999767736,0.437999999965541,0.9529999999795108,28.0,28,28,28
5051,complete,complete,complete,complete,47,47,True,1.0339494000654668,0.5260086000198498,0.9529999999795108,0.4529999999795109,28.0,28,28,28
5052,complete,complete,complete,complete,294,294,True,0.5232155999401584,0.6095260999863967,0.4370000000344589,0.5309999999590218,28.0,28,28,28
5053,complete,complete,complete,complete,368,368,True,0.8589344000210986,0.5312815000070259,0.7809999999590218,0.4679999999934807,28.0,28,28,28
5054,complete,complete,complete,complete,452,452,True,0.6757121999980882,0.4622279000468552,0.609000000054948,0.3900000000139698,28.0,28,28,28
5055,complete,complete,complete,complete,36,36,True,0.6299563000211492,0.6517179999500513,0.5620000000344589,0.5940000000409782,28.0,28,28,28
5056,complete,complete,complete,complete,214,214,True,1.0282878999132663,0.6312505999812856,0.9379999999655412,0.5459999999729916,28.0,28,28,28
5057,complete,complete,complete,complete,343,343,True,0.4734193999320268,0.7613326000282541,0.4070000000065192,0.6870000000344589,28.0,28,28,28
5058,complete,complete,complete,complete,125,125,True,0.5066960999974981,0.5380333000794053,0.437999999965541,0.4689999999245628,28.0,28,28,28
5059,complete,complete,complete,complete,84,84,True,0.4631367999827489,1.506732700043358,0.3900000000139698,1.437999999965541,28.0,28,28,28
5060,complete,complete,complete,complete,64,64,True,0.4975611999398097,0.6021557000931352,0.4380000000819564,0.5150000000139698,28.0,28,28,28
5061,complete,complete,complete,complete,169,169,True,0.4806409000884741,0.5356355999829248,0.4059999999590218,0.4529999999795109,28.0,28,28,28
5062,complete,complete,complete,complete,24,24,True,0.4865556999575346,0.508566900040023,0.4059999999590218,0.4370000000344589,28.0,28,28,28
5063,complete,complete,complete,complete,141,141,True,0.4658775000134483,0.8478770999936387,0.3909999999450519,0.7650000000139698,28.0,28,28,28
5064,complete,complete,complete,complete,71,71,True,0.7667066999711096,0.5179927999852225,0.6870000000344589,0.4529999999795109,28.0,28,28,28
5065,complete,complete,complete,complete,105,105,True,0.5953192000743002,0.4829432000406086,0.515999999945052,0.4070000000065192,28.0,28,28,28
5066,complete,complete,complete,complete,65,65,True,0.9582615999970584,0.4844444999471307,0.890999999945052,0.4070000000065192,28.0,28,28,28
5067,complete,complete,complete,complete,67,67,True,0.8858352999668568,0.4912440000334754,0.8129999999655411,0.4220000000204891,28.0,28,28,28
5068,complete,complete,complete,complete,162,162,True,0.5793004999868572,0.5214237000327557,0.5,0.437999999965541,28.0,28,28,28
5069,complete,complete,complete,complete,210,210,True,0.5541027000872418,0.988695300067775,0.4849999999860301,0.9060000000754372,28.0,28,28,28
5070,complete,complete,complete,complete,2,2,True,0.9809966000029816,1.0557356999488547,0.9070000000065191,0.9690000000409782,28.0,28,28,28
5071,complete,complete,complete,complete,201,201,True,0.6276433999883011,0.9673997999634594,0.5629999999655411,0.9059999999590218,28.0,28,28,28
5072,complete,complete,complete,complete,95,95,True,0.5402840999886394,1.5438379000406712,0.4690000000409782,1.4689999999245629,28.0,28,28,28
5073,complete,complete,complete,complete,43,43,True,0.6896622999338433,0.9535977999912576,0.625,0.8910000000614673,28.0,28,28,28
5074,complete,complete,complete,complete,229,229,True,0.7758502999786288,0.5067039000568911,0.7029999999795109,0.4370000000344589,28.0,28,28,28
5075,complete,complete,complete,complete,9,9,True,0.9785845000296832,0.844900899915956,0.890999999945052,0.7809999999590218,28.0,28,28,28
5076,complete,complete,complete,complete,403,403,True,1.1707757000112906,0.5319935000734404,1.077999999979511,0.4530000000959262,28.0,28,28,28
5077,complete,complete,complete,complete,81,81,True,0.5135842999443412,0.4592486000619828,0.4370000000344589,0.3900000000139698,28.0,28,28,28
5078,complete,complete,complete,complete,4,4,True,0.5135609999997541,0.4888356999726966,0.4529999999795109,0.4220000000204891,28.0,28,28,28
5079,complete,complete,complete,complete,21,21,True,0.4639872000552714,0.702763699926436,0.4060000000754371,0.6400000000139698,28.0,28,28,28
5080,complete,complete,complete,complete,34,34,True,0.4670624000718817,0.6900978999910876,0.3909999999450519,0.625,28.0,28,28,28
5081,complete,complete,complete,complete,103,103,True,0.897443599998951,0.4976864999625832,0.8279999999795109,0.4220000000204891,28.0,28,28,28
5082,complete,complete,complete,complete,285,285,True,0.5271666999906301,1.4369357000105083,0.4690000000409782,1.3440000000409782,28.0,28,28,28
5083,complete,complete,complete,complete,18,18,True,1.0915281000779942,0.5445472000865266,1.015999999945052,0.4529999999795109,28.0,28,28,28
5084,complete,complete,complete,complete,72,72,True,0.4769070000620559,0.5899262999882922,0.4070000000065192,0.5150000000139698,28.0,28,28,28
5085,complete,complete,complete,complete,12,12,True,0.4790430000284686,0.529230699990876,0.4059999999590218,0.4529999999795109,28.0,28,28,28
5086,complete,complete,complete,complete,109,109,True,0.4910294000292197,0.5091051999479532,0.4220000000204891,0.4220000000204891,28.0,28,28,28
5087,complete,complete,complete,complete,3,3,True,0.9589279000647366,0.5510334999999031,0.890999999945052,0.4689999999245628,28.0,28,28,28
5088,complete,complete,complete,complete,88,88,True,0.7019413000671193,0.4962214000988751,0.6410000000614673,0.4370000000344589,28.0,28,28,28
5089,complete,complete,complete,complete,125,125,True,1.4108823999995366,0.7940994999371469,1.3440000000409782,0.7190000000409782,28.0,28,28,28
5090,complete,complete,complete,complete,93,93,True,0.468158199917525,0.7378547000698745,0.3900000000139698,0.6570000000065193,28.0,28,28,28
5091,complete,complete,complete,complete,196,196,True,0.4715069000376388,2.2276969000231475,0.4070000000065192,2.1410000000614677,28.0,28,28,28
5092,complete,complete,complete,complete,22,22,True,0.7875719999428838,1.0811970999930054,0.7190000000409782,1.0160000000614673,28.0,28,28,28
5093,complete,complete,complete,complete,37,37,True,0.8241029999917373,0.4934531999751925,0.75,0.4070000000065192,28.0,28,28,28
5094,complete,complete,complete,complete,4,4,True,0.4583064999897033,0.5139163000276312,0.3910000000614673,0.437999999965541,28.0,28,28,28
5095,complete,complete,complete,complete,43,43,True,0.4754613999975845,0.5498232999816537,0.4220000000204891,0.484000000054948,28.0,28,28,28
5096,complete,complete,complete,complete,284,284,True,0.5035701999440789,0.5355555999558419,0.4370000000344589,0.4529999999795109,28.0,28,28,28
5097,complete,complete,complete,complete,36,36,True,0.8383932000724599,0.5615006999578327,0.7810000000754371,0.4849999999860301,28.0,28,28,28
5098,complete,complete,complete,complete,22,22,True,0.5941687000449747,0.6141773000126705,0.5,0.5160000000614673,28.0,28,28,28
5099,complete,complete,complete,complete,339,339,True,0.5447478999849409,0.954148399992846,0.4689999999245628,0.859000000054948,28.0,28,28,28
